<?xml version="1.0" encoding="UTF-8"?>
<project-private xmlns="http://www.netbeans.org/ns/project-private/1">
    <editor-bookmarks xmlns="http://www.netbeans.org/ns/editor-bookmarks/2" lastBookmarkId="0"/>
    <open-files xmlns="http://www.netbeans.org/ns/projectui-open-files/2">
        <group>
            <file>file:/P:/ENSEIGNEMENT/ServeursWEB/tds/corrections/TPChenillesEtFormes/Corrigé/TPChenillesEtFormes/src/ufrim2ag/m2pcci/pl2/formesanimees/formes/FormeCirculaireReguliere.java</file>
            <file>file:/P:/ENSEIGNEMENT/ServeursWEB/tds/corrections/TPChenillesEtFormes/Corrigé/TPChenillesEtFormes/releasenotes.txt</file>
            <file>file:/P:/ENSEIGNEMENT/ServeursWEB/tds/corrections/TPChenillesEtFormes/Corrigé/TPChenillesEtFormes/src/ufrim2ag/m2pcci/pl2/formesanimees/formes/IForme.java</file>
            <file>file:/P:/ENSEIGNEMENT/ServeursWEB/tds/corrections/TPChenillesEtFormes/Corrigé/TPChenillesEtFormes/src/ufrim2ag/m2pcci/pl2/formesanimees/chenille/ChenilleImage.java</file>
            <file>file:/P:/ENSEIGNEMENT/ServeursWEB/tds/corrections/TPChenillesEtFormes/Corrigé/TPChenillesEtFormes/src/ufrim2ag/m2pcci/pl2/formesanimees/chenille/ChenilleCouleur.java</file>
            <file>file:/P:/ENSEIGNEMENT/ServeursWEB/tds/corrections/TPChenillesEtFormes/Corrigé/TPChenillesEtFormes/src/ufrim2ag/m2pcci/pl2/formesanimees/formes/TeteImage.java</file>
            <file>file:/P:/ENSEIGNEMENT/ServeursWEB/tds/corrections/TPChenillesEtFormes/Corrigé/TPChenillesEtFormes/src/ufrim2ag/m2pcci/pl2/formesanimees/animation/AnimateurCap.java</file>
            <file>file:/P:/ENSEIGNEMENT/ServeursWEB/tds/corrections/TPChenillesEtFormes/Corrigé/TPChenillesEtFormes/src/ufrim2ag/m2pcci/pl2/formesanimees/appli/AppliChenille4.java</file>
            <file>file:/P:/ENSEIGNEMENT/ServeursWEB/tds/corrections/TPChenillesEtFormes/Corrigé/TPChenillesEtFormes/src/ufrim2ag/m2pcci/pl2/formesanimees/chenille/Chenille.java</file>
            <file>file:/P:/ENSEIGNEMENT/ServeursWEB/tds/corrections/TPChenillesEtFormes/Corrigé/TPChenillesEtFormes/src/ufrim2ag/m2pcci/pl2/formesanimees/dessin/Dessin.java</file>
            <file>file:/P:/ENSEIGNEMENT/ServeursWEB/tds/corrections/TPChenillesEtFormes/Corrigé/TPChenillesEtFormes/src/ufrim2ag/m2pcci/pl2/formesanimees/formes/IFormeAnimee.java</file>
            <file>file:/P:/ENSEIGNEMENT/ServeursWEB/tds/corrections/TPChenillesEtFormes/Corrigé/TPChenillesEtFormes/src/ufrim2ag/m2pcci/pl2/formesanimees/formes/Disque.java</file>
            <file>file:/P:/ENSEIGNEMENT/ServeursWEB/tds/corrections/TPChenillesEtFormes/Corrigé/TPChenillesEtFormes/src/ufrim2ag/m2pcci/pl2/formesanimees/animation/AnimateurCercle.java</file>
            <file>file:/P:/ENSEIGNEMENT/ServeursWEB/tds/corrections/TPChenillesEtFormes/Corrigé/TPChenillesEtFormes/src/ufrim2ag/m2pcci/pl2/formesanimees/formes/VisageRond.java</file>
        </group>
    </open-files>
</project-private>
