<?xml version="1.0" encoding="UTF-8"?>
<project-private xmlns="http://www.netbeans.org/ns/project-private/1">
    <editor-bookmarks xmlns="http://www.netbeans.org/ns/editor-bookmarks/2" lastBookmarkId="0"/>
    <open-files xmlns="http://www.netbeans.org/ns/projectui-open-files/2">
        <group>
            <file>file:/P:/tmp/TP9/TP_ExceptionsFormesAnimees/src/ufrima2g/m2pcci/pl2/tpExceptions/TPExceptions.java</file>
            <file>file:/P:/tmp/TP9/TP_ExceptionsFormesAnimees/src/ufrima2g/m2pcci/pl2/tpExceptions/reader/DessinFileReader.java</file>
        </group>
    </open-files>
</project-private>
