<?xml version="1.0" encoding="UTF-8"?>
<project-private xmlns="http://www.netbeans.org/ns/project-private/1">
    <editor-bookmarks xmlns="http://www.netbeans.org/ns/editor-bookmarks/2" lastBookmarkId="0"/>
    <open-files xmlns="http://www.netbeans.org/ns/projectui-open-files/2">
        <group>
            <file>file:/P:/ENSEIGNEMENT/ServeursWEB/tds/corrections/correcTdChenille/CorrectionTp-Chenilles/src/ufrim2ag/m2pcci/pl2/chenille/AppliChenilleVador2.java</file>
            <file>file:/P:/ENSEIGNEMENT/ServeursWEB/tds/corrections/correcTdChenille/CorrectionTp-Chenilles/src/ufrim2ag/m2pcci/pl2/chenille/TeteImage.java</file>
            <file>file:/P:/ENSEIGNEMENT/ServeursWEB/tds/corrections/correcTdChenille/CorrectionTp-Chenilles/images/c3po.png</file>
            <file>file:/P:/ENSEIGNEMENT/ServeursWEB/tds/corrections/correcTdChenille/CorrectionTp-Chenilles/src/ufrim2ag/m2pcci/pl2/chenille/AppliChenilleVador1.java</file>
            <file>file:/P:/ENSEIGNEMENT/ServeursWEB/tds/corrections/correcTdChenille/CorrectionTp-Chenilles/src/ufrim2ag/m2pcci/pl2/chenille/ChenilleImage.java</file>
            <file>file:/P:/ENSEIGNEMENT/ServeursWEB/tds/corrections/correcTdChenille/CorrectionTp-Chenilles/src/ufrim2ag/m2pcci/pl2/chenille/Chenille.java</file>
        </group>
    </open-files>
</project-private>
